partnumber,description,category,
99MO056812,"VersaCover Case with Folding Cover - Sienna Orange for iPad Air (10.9-inch, 4th gen)/iPad Pro (11-inch)",iPad,,,,
99MO022272,Sette Q dual wireless charging pad 15 W EPP with power adapter - Nordic Gray,Wireless Chargers,,,,
99MO021917,ClearGuard Keyboard Protector - US Layout for MacBook Pro 13/15 (with Touch Bar),Macbook,,,,
99MO113001,iGlaze Slim Hardshell Case - Armour Black for iPhone XR (SnapTo™),iPhone,,,,
99MO088004,Armour Hard Shell Case - Onxy Black for iPhone 7,iPhone,,,,
99MO110731,Tego Sling Messenger Bag - Vintage Brown,Messengers,,,,
99MO090102,iGlaze Slim Hardshell Case - Pearl White for iPhone 8 Plus (SnapTo™),iPhone,,,,
99MO103031,Vitros Slim Clear Case - Raven Black for iPhone XS/X,iPhone,,,,
99MO125601,Aro Slim Crossbody Bag - Forest Green,Crossbody bags,,,,
99MO023241,Mini DisplayPort to HDMI Adapter Pro - Silver,Premium Video,,,,
99MO023221,USB-A to Lightning Cable 3.3 ft (1 m) - Satin Gold,Lightning,,,,
99MO023104,Integra™ USB-A to Lightning Charge/Sync Cable 4 ft (1.2 m) - Jet Silver,Lightning,Data,,,
99MO117704,Altra Slim Hardshell Case With Strap - Sahara Beige for iPhone 13 Pro Max,iPhone,,,,
99MO071007,"iGlaze Hardshell Case - Stealth Black for MacBook Air (Retina, 13-inch, 2020)",Macbook Air,MacBook,,,
99MO020035,"iVisor AG Anti-glare Screen Protector - Black (Clear/Matte) for iPad (10.2-inch, 9th/8th/7th gen)",iPad,,,,
99MO113003,iGlaze Slim Hardshell Case - Armour Black for iPhone 11 Pro (SnapTo™),iPhone,,,,
99MO095101,SnapTo™ Crossbody Wallet - Seashell White,Crossbody bags,,,,
99MO111061,SuperSkin Thin Case - Stealth Black for iPhone SE 2/8/7,iPhone,,,,
99MO086008,Endura Ultra Durable Case - Carbon Black for iPhone SE 2/8/7,iPhone,,,,
99MO110071,Tego Crossbody Sling Bag - Galaxy Black,Slingpacks,,,,
99MO103038,Vitros Slim Clear Case - Raven Black for iPhone 11 Pro Max,iPhone,,,,
99MO087601,Helios Mini Backpack - Olive Green,Backpacks,,,,
99MO090007,Armour Metallic Case - Jet Black for iPhone 7 Plus,iPhone,,,,
99MO078532,Urbana Navi - Herringbone Blue,Briefcases,,,,
99MO113322,iGlaze Slim Hardshell Case - Merlot Red for iPhone XS Max (SnapTo™),iPhone,,,,
99MO088253,Luxe Metal Bumper Case - Satin Gold for iPhone SE 2/8/7,iPhone,,,,
99MO087011,Helios Mini Backpack - Pebble Gray,Backpacks,,,,
99MO033001,TeraGlove Microfiber Screen Cleaner - Black / Gray,TeraGlove,Accessories,,,
99MO035323,Avanti On-ear Headphones - Burgundy Red,Headphones and earphones,,,,
99MO035302,Mythro Earbuds with Mic - Rose Pink,Headphones and earphones,,,,
99MO078033,Urbana Lite - Herringbone Gray,Briefcases,,,,
99MO044915,AirFoil Pro - Black (Clear/Glossy) for iPhone 11,iPhone,,,,
99MO126013,OmniGuard™ Mask with 3 Replaceable Nanohedron filters - Space Gray (S),OmniGuard™ Face Mask,,,,
99MO023129,Gigabit Ethernet Cat 6 Cable 12 ft (3.6 m) - White,Data,,,,
99MO035205,Spatia AirPlay Speaker - Gray / Black (US),Speakers ,,,,
99MO095755,SnapTo™ Crossbody Wallet - Caramel Brown,Crossbody bags,,,,
99MO103303,Vitros Slim Clear Case - Champagne Gold for iPhone 11 Pro,iPhone,,,,
99MO132923,iGlaze Slim Hardshell Case - Astral Silver for iPhone 13 Pro Max,iPhone,,,,
99MO078632,Urbana Navi - Herringbone Green,Briefcases,,,,
99MO103202,Vitros Slim Clear Case - Jet Silver for iPhone XR,iPhone,,,,
99MO090304,Vesta Slim Hardshell Case - Blossom Pink for iPhone 8 Plus,iPhone,,,,
99MO093321,"Codex 13"" Protective Carrying Case for MacBook - Burgundy Red",Sleeves,,,,
99MO022151,ProGeo 4-Port USB Travel Charger (35 W) - EU Version,Wall Chargers,,,,
99MO086004,Clip Mount for Endura - Black for iPhone 8/7,iPhone,,,,
99MO044917,AirFoil Pro - Black (Clear/Glossy) for iPhone 13 mini,iPhone,,,,
99MO132952,Arx Clear Slim Hardshell Case - Clear for iPhone 13,iPhone,,,,
99MO111933,SuperSkin Thin Case - Matte Clear for iPhone 11 Pro Max,iPhone,,,,
99MO132012,iGlaze Slim Hardshell Case - Dahlia Pink for iPhone 13 Pro,iPhone,,,,
99MO034715,"Muse 13"" Slim Fit Sleeve - Sahara Beige",Sleeves,,,,
99MO034003,"Muse 12"" Slim Fit Sleeve - Graphite Black",Sleeves,,,,
99MO056086,"VersaCover Case with Folding Cover - Charcoal Black for iPad Pro (11-inch, 3rd-1st gen)",iPad,,,,
99MO112001,Hexa Backpack - Midnight Black,Backpacks,,,,
99MO078032,Urbana Navi - Herringbone Gray,Briefcases,,,,
99MO095007,Altra Body Strap - Black,iPhone,Accessories,,,
99MO090021,Armour Metallic Case - Gunmetal Gray for iPhone 7 Plus,iPhone,,,,
99MO022171,Qubit USB-C Charger (18 W)  - White,Wall Chargers,USB-C,,,
99MO114001,Capto Slim Case with MultiStrap - Mulberry Black for iPhone XR,iPhone,,,,
99MO023204,USB to Ethernet Adapter - Silver,Data,,,,
99MO084206,USB-C Multiport Adapter - Satin Gold,USB-C,Hubs,,,
99MO022117,ProGeo USB-C Wall Charger (42 W) - EU Version,Wall Chargers,,,,
99MO109001,Verana Tote Work Bag - Slate Black,Totes,,,,
99MO040912,iVisor Washable Screen Protector - Black (Clear/Matte) for Pro 16,Macbook Pro,,,,
99MO056302,VersaCover Case with Folding Cover - Sakura Pink for iPad (5th/6th Gen.),iPad,,,,
99MO118004,Treya Shoulder Strap - Jet Black,Accessories,,,,
99MO125750,Aro Slim Crossbody Bag - Caramel Brown,Crossbody bags,,,,
99MO113105,iGlaze Slim Hardshell Case - Pearl White for iPhone 11 Pro Max (SnapTo™),iPhone,,,,
99MO093002,"Codex 15""/16"" Protective Carrying Case for MacBook - Onyx Black",Sleeves,,,,
99MO084249,USB-C to 3.5 mm Digital Audio Adapter with Charging(Universal) - Silver,USB-C,Accessories,,,
99MO020015,iVisor AG Anti-glare Screen Protector - White (Clear/Matte) for iPad Pro 12.9-inch (2nd Gen),iPad,,,,
99MO083002,MetaCover Mountable Case - Black for iPad Pro (9.7-inch),iPad,,,,
99MO113005,iGlaze Slim Hardshell Case - Armour Black for iPhone 11 Pro Max (SnapTo™),iPhone,,,,
99MO112711,Hexa Backpack - Khaki Brown,Backpacks,,,,
99MO095732,Lightweight Vegan Leather Slim Wallet - Oak Brown,Accessories,,,,
99MO088303,Luxe Metal Bumper Case - Rose Pink for iPhone SE 2/8/7,iPhone,,,,
99MO082501,Aerio Lite Laptop Messenger Bag - Sky Blue,Messengers,,,,
99MO084275,Symbus Mini 7-in-1 portable USB-C hub - Titanium Gray,Docks,Hubs,USB-C,,
99MO023253,Integra™ USB-A to Lightning Charge/Sync Cable 4 ft (1.2 m) - Golden Rose,Data,Lightning,,,
99MO021912,ClearGuard Keyboard Protector - EU Layout for MacBooks (Thunderbolt 3/USB-C without Touch Bar),MacBook,,,,
99MO096002,IonGlass Screen Protector - White (Clear/Glossy) for iPhone 8/7,iPhone,,,,
99MO103302,Vitros Slim Clear Case - Champagne Gold for iPhone XS Max,iPhone,,,,
99MO122005,SnapTo™ Tabs - Gray,Accessories,SnapTo™,,,
99MO020047,iVisor AG Anti-glare Screen Protector - Black (Clear/Matte) for iPhone 13,iPhone,,,,
99MO056085,"VersaCover Case with Folding Cover - Charcoal Black  for iPad Pro (12.9-inch, 5th gen)",iPad,,,,
99MO023118,USB-A to Lightning Cable 10 ft (3 m) - White,Lightning,Data,,,
99MO104534,"Pluma 13"" Laptop Sleeve for MacBook - Denim Blue",Sleeves,,,,
99MO022156,World Travel Adapter with USB-C and USB-A Ports - White,Wall Chargers,,,,
99MO071908,iGlaze Hardshell Case - Stealth Clear for MacBook Pro 15 (Thunderbolt 3/USB-C),Macbook Pro,MacBook,,,
99MO072010,SenseCover Touch-sensitive Portfolio Case - Metro Black for iPhone XS/X,iPhone,,,,
99MO102023,StealthCover Portfolio Case - Gunmetal Gray for iPhone XS Max,iPhone,,,,
99MO021928,"ClearGuard Keyboard Protector - EU Layout for MacBook Air (Retina, 13-inch, 2020)",Macbook Air,,,,
99MO116302,Vesta Slim Hardshell Case - Macaron Pink for iPhone XS Max (SnapTo™),iPhone,,,,
99MO040905,iVisor Washable Screen Protector - Silver (Clear/Matte) for MacBook Air 13-inch (2010-2017),Macbook Air,,,,
99MO088302,Napa Vegan Leather Hardshell Case - Melrose Pink for iPhone 8/7,iPhone,,,,
99MO100302,Lula Nano Crossbody Bag - Macaron Pink,Crossbody bags,,,,
99MO117009,Altra Slim Hardshell Case With Strap - Midnight Blue for iPhone 12 Pro Max (SnapTo™),iPhone,,,,
99MO117533,Altra Slim Hardshell Case With Strap - Midnight Blue for iPhone 13 Pro,iPhone,,,,
99MO020987,iVisor XT Clear Screen Protector - White (Clear/Glossy) for iPad Air 2,iPad,,,,
99MO022072,QuikDuo Car Charger with USB-C PD and Quick Charge - Black,Car Chargers,,,,
99MO056813,"VersaCover Case with Folding Cover - Sienna Orange for iPad Pro (11-inch, 3rd-1st gen)",iPad,,,,
99MO111903,SuperSkin Thin Case - Crystal Clear for iPhone XS/X,iPhone,,,,
99MO035324,Mythro Air Bluetooth Earbuds with Mic - Burgundy Red,Headphones and earphones,,,,
99MO102022,StealthCover Portfolio Case - Gunmetal Gray for iPhone XR,iPhone,,,,
99MO096001,IonGlass Screen Protector - Black (Clear/Glossy) for iPhone 8/7,iPhone,,,,
99MO023044,Integra™ USB-A to Lightning Charge/Sync Cable 4 ft (1.2 m) - Titanium Gray,Data,Lightning,,,
99MO115001,IonGlass Privacy Screen Protector - Black (Clear/Glossy) for iPhone 11/XR,iPhone,,,,
99MO117001,Altra Slim Hardshell Case With Strap - Shadow Black for iPhone XR (SnapTo™),iPhone,,,,
99MO020022,iVisor AG Anti-glare Screen Protector - Black (Clear/Matte) for iPhone 8 Plus,iPhone,,,,
99MO095711,Key Ring - Sandstone Beige,Accessories,,,,
99MO122011,SnapTo™ Magnetic Wireless Charger With Built-in Wall Mount Kit - Gray,Wireless Chargers,,,,
99MO090002,iGlaze Slim Hardshell Case - Metro Black for iPhone 7 Plus (matte),iPhone,,,,
99MO071006,iGlaze Hardshell Case - Stealth Black for MacBook Pro 15 (Thunderbolt 3/USB-C),Macbook Pro,MacBook,,,
99MO021924,ClearGuard Keyboard Protector - US Layout for MacBook Pro 13/16 (Magic Keyboard),Macbook Pro,,,,
99MO085009,Umbra Privacy Screen Protector - Black (Clear/Glossy) for MacBook Pro/Air 13 (Thunderbolt 3/USB-C),Macbook Pro,,,,
99MO072731,SenseCover Touch-sensitive Portfolio Case - Caramel Brown for iPhone XS/X,iPhone,,,,
99MO110003,Tego Slingpack - Charcoal Black,Slingpacks,,,,
99MO078531,Urbana Laptop Briefcase - Bahama Blue,Briefcases,,,,
99MO095322,Lightweight Vegan Leather Slim Wallet - Burgundy Red,Accessories,,,,
99MO084216,Symbus Q Compact USB-C Dock with Wireless Charging - EU Version,Wireless Chargers,Data,Hubs,Docks,
99MO097001,Vacanza Travel Bag - Charcoal Black,Totes,,,,
99MO071611,iGlaze Hardshell Case - Honeydew Green for MacBook Pro 13R,MacBook,Macbook Pro,,,
99MO110601,Tego Slingpack - Olive Green,Slingpacks,,,,
99MO116301,Vesta Slim Hardshell Case - Macaron Pink for iPhone XR (SnapTo™),iPhone,,,,
99MO100002,Vegan Leather Shoulder Strap - Classic Black,Accessories,,,,
99MO097071,Vacanza Travel Bag - Titanium Gray,Totes,,,,
99MO001007,iPouch Plus Microfiber Carrying Case - Zen Black,Sleeves,,,,
99MO116602,Vesta Slim Hardshell Case - Emerald Green for iPhone XS Max (SnapTo™),iPhone,,,,
99MO118812,Treya Shoulder Strap - Vermillion Orange,Accessories,,,,
99MO095016,Crossbody Phone Holster - Jet Black,Crossbody bags,,,,
99MO117313,Altra Slim Hardshell Case With Strap - Rose Pink for iPhone 13 Pro Max,iPhone,,,,
99MO095323,Vegan Leather Key Holder - Burgundy Red,Accessories,,,,
99MO078633,Urbana Lite - Herringbone Green,Briefcases,,,,
99MO064001,VersaCover Case with Folding Cover - Metro Black for iPad mini 4,iPad,,,,
99MO116601,Vesta Slim Hardshell Case - Emerald Green for iPhone XR (SnapTo™),iPhone,,,,
99MO094731,Arcus Multifunctional Backpack - Vintage Brown,Backpacks,,,,
99MO117301,Altra Slim Hardshell Case With Strap - Blossom Pink for iPhone XR (SnapTo™),iPhone,,,,
99MO022123,IonBank 5K Portable Battery - Gunmetal Gray,Portable Batteries,,,,
99MO118013,Treya Clutch Crossbody - Mountain Grey,Crossbody bags,,,,
99MO133302,Overture Case with Detachable Magnetic Wallet - Luna Pink for iPhone 13,iPhone,,,,
99MO020042,iVisor XT Clear Screen Protector - Black (Clear) for Model 3/Y,Tesla,,,,
99MO021925,ClearGuard Keyboard Protector - EU Layout for MacBook Pro 13/16 (Magic Keyboard),Macbook Pro,,,,
99MO115002,IonGlass Privacy Screen Protector - Black (Clear/Glossy) for iPhone 11 Pro Max/XS Max,iPhone,,,,
99MO023119,USB-A to Lightning Cable 3.3 ft (1 m) - White,Lightning,,,,
99MO091052,Overture Premium Wallet Case - Herringbone Gray for iPhone XS Max,iPhone,,,,
99MO021933,ClearGuard Keyboard Protector - US layout for Magic Keyboard with Touch ID / Lock Key ,Magic Keyboard,,,,
99MO093001,"Codex 13"" Protective Carrying Case for MacBook - Onyx Black",Sleeves,,,,
99MO111908,SuperSkin Thin Case - Crystal Clear for iPhone 11 Pro,iPhone,,,,
99MO086010,Bike Mount Kit - Black,iPhone,Accessories,,,
99MO108741,Aria Slim Lightweight Tote - Olive Green,Totes,,,,
99MO064002,VersaCover Case with Folding Cover - Metro Black for iPad mini (5th Gen),iPad,,,,
99MO084031,USB-C Monitor Cable - Gray/Gold,USB-C,Data,Premium Video,,
99MO118721,Treya Clutch Crossbody - Canary Yellow,Crossbody bags,,,,
99MO091012,Overture Vegan Leather Case with Detachable Magnetic Wallet - Jet Black for iPhone 11 Pro,iPhone,,,,
99MO104305,Pluma Pouch - Carnation Pink,Sleeves,,,,
99MO118014,Treya Shoulder Strap - Mountain Grey,Accessories,,,,
99MO086009,Running Kit Case and Armband - Black,iPhone,,,,
99MO103204,Vitros Slim Clear Case - Jet Silver for iPhone 11,iPhone,,,,
99MO084202,USB-C to HDMI Adapter - Silver,USB-C,Premium Video,,,
99MO071005,iGlaze Hardshell Case - Stealth Black for MacBook Pro 13 (Thunderbolt 3/USB-C),Macbook Pro,MacBook,,,
99MO113652,iGlaze Slim Hardshell Case - Midnight Green for iPhone 11 Pro Max (SnapTo™),iPhone,,,,
99MO128903,Vitros Slim Clear Case - Crystal Clear for iPhone 12 Pro Max,iPhone,,,,
99MO077701,Venturo Slim Laptop Backpack - Titanium Gray,Backpacks,,,,
99MO111063,SuperSkin Thin Case - Stealth Black for iPhone XS/X,iPhone,,,,
99MO118012,Treya Shoulder Strap - Falcon Gray,Accessories,,,,
99MO133303,Overture Case with Detachable Magnetic Wallet - Luna Pink for iPhone 13 Pro,iPhone,,,,
99MO035411,Mythro Earbuds with Mic - Tyrian Purple,Headphones and earphones,,,,
99MO053101,Apple Watch Travel Charging Stand - White,Wall Chargers,,,,
99MO126501,OmniGuard™ Kids Mask with 3 replaceable Nanohedron™ filters - Sky Blue,OmniGuard™ Face Mask,,,,
99MO101002,Overture Vegan Leather Wallet Case - Charcoal Black for iPhone XS/X,iPhone,,,,
99MO110262,Tego Crossbody Sling Bag - Stone Gray,Slingpacks,,,,
99MO120541,Captus Rolltop Backpack - Denim Blue,Backpacks,,,,
99MO071231,iGlaze Hardshell Case - Satin Gold for MacBook Pro 13R,MacBook,Macbook Pro,,,
99MO020043,"iVisor AG Anti-glare Screen Protector - Black (Clear/Matte) for iPad Air (10.9-inch, 4th gen)/iPad Pro (11-inch, 3rd-1st gen)",iPad,,,,
99MO115003,IonGlass Privacy Screen Protector - Black (Clear/Glossy) for iPhone 11 Pro/XS/X,iPhone,,,,
99MO091102,Overture Vegan Leather Wallet Case - Sahara White for iPhone 8 Plus/7 Plus,iPhone,,,,
99MO101302,Vesta Slim Hardshell Case - Blossom Pink for iPhone XS/X,iPhone,,,,
99MO035011,Avanti On-ear Headphones - GREY (Jason Wu),Headphones and earphones,,,,
99MO091051,Overture Premium Wallet Case - Herringbone Gray for iPhone XR,iPhone,,,,
99MO023201,Mini DisplayPort to VGA Adapter - Silver,Premium Video,,,,
99MO035325,Avanti C USB Type-C On-ear Headphones - Burgundy Red,Headphones and earphones,,,,
99MO073741,VersaPouch Mini Sleeve with Case - Velvet Gray,iPad,,,,
99MO095752,SnapTo™ Magnetic Slim Wallet - Caramel Brown,Accessories,,,,
99MO113651,iGlaze Slim Hardshell Case - Midnight Green for iPhone 11 Pro (SnapTo™),iPhone,,,,
99MO021911,ClearGuard Keyboard Protector - US Layout for MacBooks (Thunderbolt 3/USB-C without Touch Bar),Macbook,,,,
99MO056006,VersaCover Case with Folding Cover - Metro Black for iPad Pro/Air (10.5-inch),iPad,,,,
99MO117308,Altra Slim Hardshell Case With Strap - Sahara Beige for iPhone 12 Pro Max (SnapTo™),iPhone,,,,
99MO118722,Treya Shoulder Strap - Canary Yellow,Accessories,,,,
99MO056261,"VersaCover Case with Folding Cover - Stone Gray for iPad (10.2-inch, 9th/8th/7th gen)",iPad,,,,
99MO020048,iVisor AG Anti-glare Screen Protector - Black (Clear/Matte) for iPhone 13 Pro Max,iPhone,,,,
99MO103301,Vitros Slim Clear Case - Champagne Gold for iPhone XR,iPhone,,,,
99MO119001,Carta Compact Messenger Bag - Herringbone Black,Messengers,,,,
99MO020935,iVisor XT Clear Screen Protector - Black (Clear/Glossy) for iPad mini,iPad,,,,
99MO090721,iGlaze Slim Hardshell Case - Mellow Yellow for iPhone 7 Plus (matte),iPhone,,,,
99MO020041,"iVisor AG Anti-glare Screen Protector - Black (Clear/Matte) for iVisor AG for iPad Air (10.9-inch, 4th gen)/iPad Pro (11-inch, 2nd/1st gen)",iPad,,,,
99MO020046,iVisor AG Anti-glare Screen Protector - Black (Clear/Matte) for iPhone 13 mini,iPhone,,,,
99MO072307,SenseCover Touch-sensitive Portfolio Case - Rose Pink for iPhone 8/7,iPhone,,,,
99MO022211,Otto Q Wireless Charging Pad - Nordic Gray,Wireless Chargers,,,,
99MO091262,Overture Vegan Leather Wallet Case - Savanna Beige for iPhone XS Max,iPhone,,,,
99MO012210,PalmGuard Protector - Silver for MacBook Pro Retina 15,Macbook Pro,,,,
99MO035221,Mythro Air Bluetooth Earbuds with Mic - Jet Silver,Headphones and earphones,,,,
99MO034751,"Muse 13"" 3-in-1 Slim Laptop Sleeve - Caramel Brown 2021",Sleeves,,,,
99MO118753,Treya Shoulder Strap - Caramel Brown,Accessories,,,,
99MO090061,XT Slim Clear Case - Stealth Black for iPhone 8Plus/7 Plus,iPhone,,,,
99MO086003,Armband for Endura - Black,iPhone,,,,
99MO022218,Lounge Q Wireless Charging Stand - Nordic Gray,Wireless Chargers,,,,
99MO100601,Lula Nano Crossbody Bag - Olive Green,Crossbody bags,,,,
99MO072531,SenseCover Touch-sensitive Portfolio Case - Midnight Blue for iPhone XR,iPhone,,,,
99MO095321,Vegan Leather Passport Holder - Burgundy Red,Accessories,,,,
99MO088102,iGlaze Slim Hardshell Case - White for iPhone SE 2/8/7 (SnapTo™),iPhone,,,,
99MO100003,Vegan Leather Chain Strap - Classic Black,Accessories,,,,
99MO091306,Overture Case with Detachable Magnetic Wallet - Luna Pink for iPhone 11 Pro Max (SnapTo™),iPhone,,,,
99MO100301,Lula Nano Crossbody Bag - Coral Pink,Crossbody bags,,,,
99MO117006,Altra Slim Hardshell Case With Strap - Shadow Black for iPhone 11 Pro Max (SnapTo™),iPhone,,,,
99MO091013,Overture Vegan Leather Case with Detachable Magnetic Wallet - Jet Black for iPhone 11 Pro Max,iPhone,,,,
99MO090010,iGlaze Slim Hardshell Case - Black for iPhone 8 Plus (SnapTo™),iPhone,,,,
99MO113631,iGlaze Slim Hardshell Case - Powder Blue for iPhone XR (SnapTo™),iPhone,,,,
99MO091301,Overture Vegan Leather Wallet Case - Daisy Pink for iPhone SE 2/8/7,iPhone,,,,
99MO095015,AirTag Key Ring - Jet Black,Accessories,,,,
99MO099041,Costa Satchel Bag - Granite Gray,Totes,,,,
99MO132953,Arx Clear Slim Hardshell Case - Clear for iPhone 13 Pro,iPhone,,,,
99MO090521,iGlaze Slim Hardshell Case - Powder Blue for iPhone 7 Plus (matte),iPhone,,,,
99MO133013,Overture Case with Detachable Magnetic Wallet - Jet Black for iPhone 13 Pro,iPhone,,,,
99MO078501,Urbana Mini Bag - Sky Blue,Totes,,,,
99MO090301,iGlaze Slim Hardshell Case - Blush Pink for iPhone 7 Plus (matte),iPhone,,,,
99MO035081,Avanti C USB Type-C On-ear Headphones - Onyx Black,Headphones and earphones,,,,
99MO084201,USB-C to VGA Adapter - Silver,USB-C,Premium Video,Accessories,,
99MO082701,Aerio Laptop Messenger Bag - Titanium Gray,Messengers,,,,
99MO091308,Overture Case with Detachable Magnetic Wallet - Luna Pink for iPhone 12/12 Pro (SnapTo™),iPhone,,,,
99MO090003,Napa Vegan Leather Hardshell Case - Charcoal Black for iPhone 8 Plus/7 Plus,iPhone,,,,
99MO022007,Car Charger Duo 2-port - Black,Car Chargers,,,,
99MO035208,Spatia AirPlay Speaker - Gray / Black (TW),Speakers ,,,,
99MO117312,Altra Slim Hardshell Case With Strap - Rose Pink for iPhone 13 Pro,iPhone,,,,
99MO023208,Mini DisplayPort to HDMI Adapter (4K) - Silver,Premium Video,,,,
99MO039911,iGlaze Slim Hardshell Case - Stealth Clear for iPad Pro 12.9-inch (2nd Gen),iPad,,,,
99MO099531,Costa Satchel Bag - Bahama Blue,Totes,,,,
99MO130301,Muto - Coastal Beige,Slingpacks,Backpacks,,,
99MO117602,Altra Slim Hardshell Case With Strap - Mint Green for iPhone XS Max (SnapTo™),iPhone,,,,
99MO088231,Armour Hard Shell Case - Satin Gold for iPhone 7,iPhone,,,,
99MO123032,Pebbo for AirPods Pro - Shadow Black,Accessories,Airpods,,,
99MO035713,Avanti LT Lightning On-ear Headphones - Caramel Beige,Headphones and earphones,,,,
99MO117004,Altra Slim Hardshell Case With Strap - Shadow Black for iPhone 11 Pro (SnapTo™),iPhone,,,,
99MO104055,"Pluma 16"" Laptop Sleeve for MacBook Pro - Herringbone Gray",Sleeves,,,,
99MO100732,Vegan Leather Chain Strap - Walnut Brown,Accessories,,,,
99MO113533,iGlaze Slim Hardshell Case - Slate Blue for iPhone 12 Pro Max (SnapTo™),iPhone,,,,
99MO095712,Adjustable Body Strap - Camo Beige,Accessories,,,,
99MO035224,Mythro Lightning Earbuds with Mic - Jet Silver,Headphones and earphones,,,,
99MO110264,Tego Sling Messenger Bag - Stone Gray,Messengers,,,,
99MO113104,iGlaze Slim Hardshell Case - Pearl White for iPhone 11 (SnapTo™),iPhone,,,,
99MO095801,SnapTo™ Crossbody Wallet - Sienna Orange,Crossbody bags,,,,
99MO122012,SnapTo Universal Car Mount - Gray,SnapTo™,,,,
99MO132013,iGlaze Slim Hardshell Case - Dahlia Pink for iPhone 13 Pro Max,iPhone,,,,
99MO085007,Umbra Privacy Screen Protector - Black (Clear/Glossy) for Surface Pro,Surface,,,,
99MO103033,Vitros Slim Clear Case - Raven Black for iPhone 8 Plus/7 Plus,iPhone,,,,
99MO117002,Altra Slim Hardshell Case With Strap - Shadow Black for iPhone XS Max (SnapTo™),iPhone,,,,
99MO113002,iGlaze Slim Hardshell Case - Armour Black for iPhone XS Max (SnapTo™),iPhone,,,,
99MO126012,OmniGuard™ Mask with 3 Replaceable Nanohedron filters - Space Gray (M),OmniGuard™ Face Mask,,,,
99MO020017,iVisor AG Anti-glare Screen Protector - White (Clear/Matte) for iPad (5th/6th Gen.),iPad,,,,
99MO103037,Vitros Slim Clear Case - Raven Black for iPhone 11,iPhone,,,,
99MO044911,AirFoil Pro - Black (Clear/Glossy) for iPhone 12 mini,iPhone,,,,
99MO118731,Treya Clutch Crossbody - Oak Brown,Crossbody bags,,,,
99MO100731,Vegan Leather Shoulder Strap - Walnut Brown,Accessories,,,,
99MO090321,Armour Metallic Case - Crimson Red for iPhone 7 Plus,iPhone,,,,
99MO103905,Vitros Slim Clear Case - Crystal Clear for iPhone XS Max,iPhone,,,,
99MO022271,Fast Wireless Charging Bundle Otto Q - Nordic Gray,Wireless Chargers,,,,
99MO084200,USB-C to USB-A Adapter - Silver,Data,USB-C,,,
99MO108532,Aria Slim Lightweight Tote - Bahama Blue,Totes,,,,
99MO088011,Vesta Slim Hardshell Case - Herringbone Gray for iPhone SE 2/8/7,iPhone,,,,
99MO091015,Overture Case with Detachable Magnetic Wallet - Jet Black for iPhone 12/12 Pro (SnapTo™),iPhone,,,,
99MO090514,Vesta Slim Hardshell Case - Bahama Blue for iPhone 7 Plus,iPhone,,,,
99MO101303,Overture Vegan Leather Wallet Case - Luna Pink for iPhone XS/X,iPhone,,,,
99MO110261,Tego Urban Backpack - Stone Gray,Backpacks,,,,
99MO128901,Vitros Slim Clear Case - Crystal Clear for iPhone 12 mini,iPhone,,,,
99MO056004,VersaCover Case with Folding Cover - Metro Black for iPad (5th/6th Gen.),iPad,,,,
99MO022213,Porto Q 5K Portable Battery with Built-in Wireless Charger - Nordic Gray,Wireless Chargers,Portable Batteries,,,
99MO023127,Mini DisplayPort to HDMI Cable 6.6 ft (2 m) - White,Premium Video,,,,
99MO084102,USB-C to DisplayPort Cable 5 ft (1.5 m) - White,Premium Video,USB-C,,,
99MO126101,Nanohedron™ filter pack (5 pcs) - M/L,Nanohedron™ filter pack,,,,
99MO087501,Helios Lite Slim Laptop Backpack - Sky Blue,Backpacks,,,,
99MO101512,Kameleon Kickstand Case - Midnight Blue for iPhone XS/X,iPhone,,,,
99MO129031,Deep Purple™ UV Sanitizer - Gray,Deep Purple™ UV Sanitizer,,,,
99MO111907,SuperSkin Thin Case - Crystal Clear for iPhone XS Max,iPhone,,,,
99MO020014,iVisor AG Anti-glare Screen Protector - Black (Clear/Matte) for iPad Pro 12.9-inch (2nd Gen),iPad,,,,
99MO084218,Symbus Q Compact USB-C Dock with Wireless Charging - US Version,Data,USB-C,Docks,Wireless Chargers,Hubs
99MO095941,Key Ring - Rainbow,Accessories,,,,
99MO035246,Mythro C USB Type-C Earbuds with Mic - Gunmetal Gray,Headphones and earphones,,,,
99MO108811,Aria Slim Lightweight Tote - Amber Orange,Totes,,,,
99MO035711,Avanti On-ear Headphones - Caramel Beige,Headphones and earphones,,,,
99MO096004,IonGlass Screen Protector - White (Clear/Glossy) for iPhone 8 Plus/7 Plus,iPhone,,,,
99MO095734,Folding Key Holder - Oak Brown,Accessories,,,,
99MO084207,USB-C Multiport Adapter - Golden Rose,USB-C,Premium Video,Hubs,,
99MO040913,iVisor XT Clear Screen Protector - Black (Clear) for MacBook Pro/Air 13,Macbook Air,Macbook Pro,,,
99MO056811,VersaCover Case with Folding Cover - Sienna Orange for iPad Pro 11‑inch (1st/2nd Gen),iPad,,,,
99MO056008,VersaCover Case with Folding Cover - Metro Black for iPad Pro 11-inch,iPad,,,,
99MO091010,Overture Vegan Leather Wallet Case - Charcoal Black for iPhone XR,iPhone,,,,
99MO044919,AirFoil Pro - Black (Clear/Glossy) for iPhone 13 Pro Max,iPhone,,,,
99MO093322,"Codex 15""/16"" Protective Carrying Case for MacBook - Burgundy Red",Sleeves,,,,
99MO020021,iVisor AG Anti-glare Screen Protector - White (Clear/Matte) for iPhone SE 2/8/7,iPhone,,,,
99MO113302,iGlaze Slim Hardshell Case - Taupe Pink for iPhone XS Max (SnapTo™),iPhone,,,,
99MO020038,iVisor AG Anti-glare Screen Protector - Black (Clear/Matte) for iPhone 12 mini,iPhone,,,,
99MO020037,iVisor Washable Screen Protector - Black (Clear/Matte) for Model 3/Y,Tesla,,,,
99MO132011,iGlaze Slim Hardshell Case - Dahlia Pink for iPhone 13,iPhone,,,,
99MO104532,"Pluma 13"" Laptop Sleeve (MFG) - Denim Blue for Laptops (MFG)",Sleeves,,,,
99MO113102,iGlaze Slim Hardshell Case - Pearl White for iPhone XS Max (SnapTo™),iPhone,,,,
99MO022173,Qubit USB-C Charger (20 W) - White,Wall Chargers,,,,
99MO117305,Altra Slim Hardshell Case With Strap - Sahara Beige for iPhone 11 Pro Max (SnapTo™),iPhone,,,,
99MO035008,Avanti Air Bluetooth On-ear Headphones - Jet Black,Headphones and earphones,,,,
99MO118002,Treya Lite Convertible Satchel/Backpack - Jet Black,Backpacks,Briefcases,Messengers,,
99MO035023,Vortex Air Bluetooth Earbuds with Mic - Dark Steel,Headphones and earphones,,,,
99MO095324,Vegan Leather Badge/ID Holder - Burgundy Red,Accessories,,,,
99MO022015,IonGo 5K Portable Battery with built-in Lightning and USB-A Cables - Ivory White,Portable Batteries,,,,
99MO104054,Pluma Pouch - Herringbone Gray,Sleeves,,,,
99MO020030,iVisor AG Anti-glare Screen Protector - Black (Clear/Matte) for iPad Pro 11-inch,iPad,,,,
99MO095010,SnapTo™ Magnetic Slim Wallet - Jet Black,Accessories,,,,
99MO023114,3.5 mm to RCA Stereo Cable 6 ft (1.8 m) - White,Accessories,,,,
99MO088003,Napa Vegan Leather Hardshell Case - Charcoal Black for iPhone 8/7,iPhone,,,,
99MO103907,Vitros Slim Clear Case - Crystal Clear for iPhone 11,iPhone,,,,
99MO103251,Vitros Slim Clear Case - Orchid Pink for iPhone XS/X,iPhone,,,,
99MO095532,Key Ring - Bahama Blue,Accessories,,,,
99MO022145,IonSlim 10K USB-C Portable Battery - Titanium Gray,Portable Batteries,,,,
99MO132522,iGlaze Slim Hardshell Case - Adriatic Blue for iPhone 13 Pro,iPhone,,,,
99MO086011,Talos Extreme Drop Protection Case - Admiral Gray for iPhone XS/X,iPhone,,,,
99MO071302,iGlaze Hardshell Case - Blush Pink for MacBook Pro 13 (Thunderbolt 3/USB-C),Macbook Pro,MacBook,,,
99MO126001,OmniGuard™ Mask with 3 Replaceable Nanohedron filters - Ocean Black (L),OmniGuard™ Face Mask,,,,
99MO022144,IonSlim 5K USB-C Portable Battery - Titanium Gray,Portable Batteries,,,,
99MO133014,Overture Case with Detachable Magnetic Wallet - Jet Black for iPhone 13 Pro Max,iPhone,,,,
99MO035005,Keramo Ceramic Earbuds with Mic - Black,Headphones and earphones,,,,
99MO122004,SnapTo™ Transformer Pad - Black,SnapTo™,Accessories,,,
99MO118757,Treya Shoulder Strap - Sandy Brown,Accessories,,,,
99MO021927,"ClearGuard Keyboard Protector - US Layout for MacBook Air (Retina, 13-inch, 2020)",Macbook Air,,,,
99MO094074,Camera Insert for Arcus Backpack - Beige,Backpacks,,,,
99MO120741,Captus Rolltop Backpack - Sandstone Beige,Backpacks,,,,
99MO113321,iGlaze Slim Hardshell Case - Merlot Red for iPhone XR (SnapTo™),iPhone,,,,
99MO084203,USB-C to Gigabit Ethernet Adapter - Silver,USB-C,Data,,,
99MO001406,iPouch Plus Microfiber Carrying Case - Lavender Pink,Sleeves,,,,
99MO091101,Overture Vegan Leather Wallet Case - Sahara White for iPhone SE 2/8/7,iPhone,,,,
99MO090012,Vesta Slim Hardshell Case - Herringbone Gray for iPhone 7 Plus,iPhone,,,,
99MO023207,HDMI to VGA Adapter with Audio - Silver,Premium Video,,,,
99MO023045,Integra™ USB-A to Lightning Charge/Sync Cable 0.8 ft (0.25 m) - Titanium Gray,Data,Lightning,,,
99MO132533,iGlaze Slim Hardshell Case - Slate Blue for iPhone 13 Pro,iPhone,,,,
99MO023051,Xync with Micro USB Connector - Black,Data,,,,
99MO091011,Overture Vegan Leather Wallet Case - Charcoal Black for iPhone XS Max,iPhone,,,,
99MO056011,VersaCover Case with Folding Cover - Stone Gray for iPad Pro 11-inch,iPad,,,,
99MO132922,iGlaze Slim Hardshell Case - Astral Silver for iPhone 13 Pro,iPhone,,,,
99MO104535,Pluma Pouch - Denim Blue,Sleeves,,,,
99MO134093,Arx Slim Hardshell Case - Mirage Black for iPhone 13 Pro,iPhone,,,,
99MO114304,Capto Slim Case with MultiStrap - Raspberry Pink for iPhone 11,iPhone,,,,
99MO095942,Adjustable Vegan Leather Body Strap - Rainbow,Accessories,,,,
99MO128902,Vitros Slim Clear Case - Crystal Clear for iPhone 12/12 Pro,iPhone,,,,
99MO023209,USB 3.0 to Gigabit Ethernet Adapter - Silver,Data,,,,
99MO085018,Umbra Privacy Screen Protector - Black (Clear/Glossy) for Pro 16,Macbook,,,,
99MO012209,PalmGuard Protector - Silver for MacBook Air 13-inch,Macbook Air,,,,
99MO077001,Venturo Slim Laptop Backpack - Charcoal Black,Backpacks,,,,
99MO084001,USB-C to Micro-B cable - Black,Data,USB-C,,,
99MO132104,iGlaze Slim Hardshell Case - Pearl White for iPhone 13 Pro Max,iPhone,,,,
99MO044908,AirFoil Camera Protector - Clear for iPhone 11,iPhone,,,,
99MO132102,iGlaze Slim Hardshell Case - Pearl White for iPhone 13,iPhone,,,,
99MO123841,Pebbo for AirPods - Mint Green,Accessories,Airpods,,,
99MO020028,iVisor AG Anti-glare Screen Protector - Black (Clear/Matte) for iPad Pro 12.9-inch (3rd Gen),iPad,,,,
99MO113532,iGlaze Slim Hardshell Case - Slate Blue for iPhone 12/12 Pro (SnapTo™),iPhone,,,,
99MO023002,3.5 mm Mini-Stereo Audio Cable 6 ft (1.8 m) - Black,Accessories,,,,
99MO088021,Armour Hard Shell Case - Gunmetal Gray for iPhone 7,iPhone,,,,
99MO020031,iVisor AG Anti-glare Screen Protector - Black (Clear/Matte) for iPad mini (5th Gen),iPad,,,,
99MO084045,"Integra™ USB-C to Lightning
Cable with 90-degree Connector 5 ft (1.5 m) - Titanium Gray",USB-C,Lightning,,,
99MO071909,"iGlaze Hardshell Case - Stealth Clear for MacBook Air (Retina, 13-inch, 2020)",MacBook,Macbook Air,,,
99MO101511,Vesta Slim Hardshell Case - Bahama Blue for iPhone XS/X,iPhone,,,,
99MO078533,Urbana Lite - Herringbone Blue,Briefcases,,,,
99MO095077,Altra Body Strap - Sahara Beige 2020,Accessories,,,,
99MO134091,Arx Slim Hardshell Case - Mirage Black for iPhone 13 mini,iPhone,,,,
99MO021922,ClearGuard Keyboard Protector - EU Layout for MacBook Air 13 (Thunderbolt 3/USB-C),Macbook Air,,,,
99MO122007,SnapTo Universal Car Mount with Wireless Charging - Black,Car Chargers,Tesla,Wireless Chargers,,
99MO113106,iGlaze Slim Hardshell Case - Pearl White for iPhone 12 mini (SnapTo™),iPhone,,,,
99MO085010,Umbra Privacy Screen Protector - Black (Clear/Glossy) for Pro 15 (Thunderbolt 3/USB-C),Macbook,,,,
99MO111901,SuperSkin Thin Case - Crystal Clear for iPhone SE 2/8/7,iPhone,,,,
99MO084213,USB-C Multimedia Adapter - Titanium Gray,USB-C,Hubs,Premium Video,,
99MO103035,Vitros Slim Clear Case - Raven Black for iPhone XS Max,iPhone,,,,
99MO082001,Aerio Laptop Messenger Bag - Charcoal Black,Messengers,,,,
99MO098001,IonSuit Battery Case - Steel Black for iPhone 8/7,iPhone,,,,
99MO088721,iGlaze Slim Hardshell Case - Mellow Yellow for iPhone 8/7,iPhone,,,,
99MO088251,Armour Hard Shell Case - Golden Rose for iPhone 7,iPhone,,,,
99MO132103,iGlaze Slim Hardshell Case - Pearl White for iPhone 13 Pro,iPhone,,,,
99MO084211,Integra™ USB-C to USB-A Charge Cable 5 ft (1.5 m) - Titanium Gray,USB-C,Data,,,
99MO111062,SuperSkin Thin Case - Stealth Black for iPhone 8 Plus/7 Plus,iPhone,,,,
99MO100001,Lula Nano Crossbody Bag - Slate Black,Crossbody bags,,,,
99MO022162,Porto Q 5K Portable Battery with Built-in Wireless Charger - Nordic Gray EPP,Wireless Chargers,Portable Batteries,,,
99MO132951,Arx Clear Slim Hardshell Case - Clear for iPhone 13 mini,iPhone,,,,
99MO123001,Apple Pencil Case - Metro Black,Accessories,,,,
99MO114301,Capto Slim Case with MultiStrap - Raspberry Pink for iPhone XR,iPhone,,,,
99MO065031,Digits Touchscreen Gloves - Dark Gray (L),Accessories,Digits,,,
99MO071905,iGlaze Hardshell Case - Stealth Clear for MacBook 12,Macbook,MacBook,,,
99MO022147,ProGeo USB-C Laptop Charger (65 W) - EU Version,Wall Chargers,,,,
99MO022124,IonBank 10K Portable Battery - Gunmetal Gray,Portable Batteries,,,,
99MO095301,SnapTo™ Crossbody Wallet - Luna Pink,Crossbody bags,,,,
99MO020039,iVisor AG Anti-glare Screen Protector - Black (Clear/Matte) for iPhone 12/12 Pro,iPhone,,,,
99MO100531,Lula Nano Crossbody Bag - Bahama Blue,Crossbody bags,,,,
99MO020023,iVisor AG Anti-glare Screen Protector - White (Clear/Matte) for iPhone 8 Plus,iPhone,,,,
99MO118101,Treya Clutch Crossbody - Seashell White,Crossbody bags,,,,
99MO131261,Vespo - Ash Gray,Backpacks,Slingpacks,Briefcases,,
99MO084241,USB-C Digital Audio Adapter - Silver,Accessories,USB-C,,,
99MO020016,iVisor AG Anti-glare Screen Protector - Black (Clear/Matte) for iPad (5th/6th Gen.),iPad,,,,
99MO130001,Muto - Slate Gray,Backpacks,Slingpacks,,,
99MO084041,Integra™ USB-C to Lightning Cable 4 ft (1.2 m) - Titanium Gray,USB-C,Lightning,,,
99MO020044,"iVisor AG Anti-glare Screen Protector - Black (Clear/Matte) for iPad Pro (12.9-inch, 5th-3rd gen)",iPad,,,,
99MO023251,USB-A to Lightning Cable 3.3 ft (1 m) - Golden Rose,Lightning,,,,
99MO095741,Wristlet Clutch - Olive Green,Accessories,,,,
99MO096003,IonGlass Screen Protector - Black (Clear/Glossy) for iPhone 8 Plus/7 Plus,iPhone,,,,
99MO084246,USB-C to 3.5 mm Digital Audio Adapter with Charging(MFG) - Silver,USB-C,Data,Accessories,,
99MO056013,VersaCover Case with Folding Cover - Stone Gray for iPad Pro/Air (10.5-inch),iPad,,,,
99MO102302,StealthCover Portfolio Case - Champagne Pink for iPhone XR,iPhone,,,,
99MO034101,"Muse 13"" 3-in-1 Slim Laptop Sleeve - Seashell White",Sleeves,,,,
99MO010322,"Codex 12"" Protective Carrying Case for MacBook - Burgundy Red",Sleeves,,,,
99MO091305,Overture Case with Detachable Magnetic Wallet - Luna Pink for iPhone 11 Pro (SnapTo™),iPhone,,,,
99MO077532,Venturo Slim Laptop Backpack - Bahama Blue,Backpacks,,,,
99MO114003,Capto Slim Case with MultiStrap - Mulberry Black for iPhone XS/X,iPhone,,,,
99MO101306,iGlaze Slim Hardshell Case - Taupe Pink for iPhone XS/X (SnapTo™),iPhone,,,,
99MO084043,Integra™ USB-C to Lightning Cable 0.8 ft (0.25 m) - Titanium Gray,USB-C,Lightning,Data,,
99MO020020,iVisor AG Anti-glare Screen Protector - Black (Clear/Matte) for iPhone SE 2/8/7,iPhone,,,,
99MO084044,Integra™ USB-C to USB-A Charge Cable 0.8 ft (0.25 m) - Titanium Gray,Data,USB-C,,,
99MO134092,Arx Slim Hardshell Case - Mirage Black for iPhone 13,iPhone,,,,
99MO132904,iGlaze XT Clear Case - Clear for iPhone 13 Pro Max,iPhone,,,,
99MO088202,Luxe Metal Bumper Case - Black for iPhone SE 2/8/7,iPhone,,,,
99MO118756,Treya Clutch Crossbody - Sandy Brown,Crossbody bags,,,,
99MO090306,Vesta Slim Hardshell Case - Blossom Pink for iPhone 7 Plus,iPhone,,,,
99MO088321,Armour Hard Shell Case - Crimson Red for iPhone 7,iPhone,,,,
99MO035241,Mythro Earbuds with Mic - Gunmetal Gray,Headphones and earphones,,,,
99MO084209,Symbus Compact USB-C Dock - EU/UK Version,Docks,USB-C,Data,Hubs,
99MO133012,Overture Case with Detachable Magnetic Wallet - Jet Black for iPhone 13,iPhone,,,,
99MO072308,SenseCover Touch-sensitive Portfolio Case - Rose Pink for iPhone 8 Plus/7 Plus,iPhone,,,,
99MO072104,SenseCover Touch-sensitive Portfolio Case - Sahara Beige for iPhone 8 Plus/7 Plus,iPhone,,,,
99MO108001,Aria Slim Lightweight Tote - Slate Black,Totes,,,,
99MO089001,Kameleon Kickstand Case - Imperial Black for iPhone 8/7,iPhone,,,,
99MO095013,Adjustable Body Strap - Camo Black,Accessories,,,,
99MO117304,Altra Slim Hardshell Case With Strap - Sahara Beige for iPhone 11 (SnapTo™),iPhone,,,,
99MO126011,OmniGuard™ Mask with 3 Replaceable Nanohedron filters - Space Gray (L),OmniGuard™ Face Mask,,,,
99MO132532,iGlaze Slim Hardshell Case - Slate Blue for iPhone 13,iPhone,,,,
99MO103036,Vitros Slim Clear Case - Raven Black for iPhone 11 Pro,iPhone,,,,
99MO072103,SenseCover Touch-sensitive Portfolio Case - Sahara Beige for iPhone 8/7,iPhone,,,,
99MO035002,Dulcia Earbuds with Mic - Black,Headphones and earphones,,,,
99MO103305,Vitros Slim Clear Case - Champagne Gold for iPhone 11 Pro Max,iPhone,,,,
99MO035231,Orbito BT TX audio adapter - Titan Gold,Accessories,,,,
99MO034005,Muse 13 Slim Fit Sleeve - Sahara Beige,Sleeves,,,,
99MO132903,iGlaze XT Clear Case - Clear for iPhone 13 Pro,iPhone,,,,
99MO110002,Tego Crossbody Sling Bag - Charcoal Black,Slingpacks,,,,
99MO117532,Altra Slim Hardshell Case With Strap - Midnight Blue for iPhone 13,iPhone,,,,
99MO076011,AirFoil Glass Screen Protector - Clear for iPhone SE 2/8/7,iPhone,,,,
99MO108012,Aria Slim Lightweight Tote - Mountain Grey,Totes,,,,
99MO040909,iVisor Washable Screen Protector - Black (Clear/Matte) for MacBook Pro/Air 13 (Thunderbolt 3/USB-C),Macbook,,,,
99MO035712,Avanti C USB Type-C On-ear Headphones - Caramel Beige,Headphones and earphones,,,,
99MO020040,iVisor AG Anti-glare Screen Protector - Black (Clear/Matte) for iPhone 12 Pro Max,iPhone,,,,
99MO132901,iGlaze XT Clear Case - Clear for iPhone 13 mini,iPhone,,,,
99MO117112,Altra Slim Hardshell Case With Strap - Savanna Beige for iPhone XS Max (SnapTo™),iPhone,,,,
99MO113531,iGlaze Slim Hardshell Case - Slate Blue for iPhone 12 mini (SnapTo™),iPhone,,,,
99MO072111,SenseCover Touch-sensitive Portfolio Case - Savanna Beige for iPhone XR,iPhone,,,,
99MO103201,Vitros Slim Clear Case - Jet Silver for iPhone XS/X,iPhone,,,,
99MO087521,Helios Mini Backpack - Emerald Green,Backpacks,,,,
99MO057041,Concerti Portfolio Case - Metro Black for iPad Air,iPad,,,,
99MO071004,iGlaze Hardshell Case - Graphite Black for MacBook Pro 13R,MacBook,Macbook Pro,,,
99MO103252,Vitros Slim Clear Case - Orchid Pink for iPhone SE 2/8/7,iPhone,,,,
99MO111931,SuperSkin Thin Case - Matte Clear for iPhone 11 Pro,iPhone,,,,
99MO056264,"VersaCover Case with Folding Cover - Savanna Beige for iPad Pro (11-inch, 3rd-1st gen)",iPad,,,,
99MO123301,Apple Pencil Case - Sakura Pink,Accessories,,,,
99MO133304,Overture Case with Detachable Magnetic Wallet - Luna Pink for iPhone 13 Pro Max,iPhone,,,,
99MO035206,Spatia AirPlay Speaker - Gray / Black (EU),Speakers ,,,,
99MO076014,AirFoil Glass Screen Protector - Clear for iPhone 11 Pro/XS/X,iPhone,,,,
99MO090302,Luxe Metal Bumper Case - Rose Pink for iPhone 8 Plus/7 Plus,iPhone,,,,
99MO117007,Altra Slim Hardshell Case With Strap - Midnight Blue for iPhone 12 mini (SnapTo™),iPhone,,,,
99MO090513,Vesta Slim Hardshell Case - Bahama Blue for iPhone 8 Plus,iPhone,,,,
99MO095076,Altra Body Strap - Sahara Beige,Accessories,,,,
99MO084003,USB-C to Lightning Cable 10 ft (3 m) - Black,Lightning,USB-C,,,
99MO072112,SenseCover Touch-sensitive Portfolio Case - Savanna Beige for iPhone XS Max,iPhone,,,,
99MO090231,Armour Hard Shell Case - Satin Gold for iPhone 7 Plus,iPhone,,,,
99MO056262,VersaCover Case with Folding Cover - Savanna Beige for iPad Pro 11‑inch (1st/2nd Gen),iPad,,,,
99MO118003,Treya Briefcase - Jet Black,Briefcases,,,,
99MO116011,Vesta Slim Hardshell Case - Pebble Gray for iPhone XR (SnapTo™),iPhone,,,,
99MO101031,Vesta Slim Hardshell Case - Herringbone Gray for iPhone XS/X,iPhone,,,,
99MO111909,SuperSkin Thin Case - Crystal Clear for iPhone 11,iPhone,,,,
99MO117601,Altra Slim Hardshell Case With Strap - Mint Green for iPhone XR (SnapTo™),iPhone,,,,
99MO021920,ClearGuard Keyboard Protector - US Layout for Magic Keyboard with Numeric Keypad US,Magic Keyboard,,,,
99MO044916,AirFoil Pro - Black (Clear/Glossy) for iPhone 11 Pro Max,iPhone,,,,
99MO044914,AirFoil Pro - Black (Clear/Glossy) for iPhone 11 Pro,iPhone,,,,
99MO104531,"Pluma 13"" Laptop Sleeve - Denim Blue for Laptops",Sleeves,,,,
99MO021901,ClearGuard Keyboard Protector - US Layout for MacBook Pro 17-inch,Macbook,,,,
99MO108011,Aria Slim Lightweight Tote - Ceramic Gray,Totes,,,,
99MO021919,ClearGuard Keyboard Protector - JP Layout for MacBook Pro 13/15 (with Touch Bar),Macbook Pro,,,,
99MO088521,iGlaze Slim Hardshell Case - Powder Blue for iPhone 8/7,iPhone,,,,
99MO123031,Pebbo for AirPods - Shadow Black,Accessories,Airpods,,,
99MO100261,Lula Nano Crossbody Bag - Savanna Beige,Crossbody bags,,,,
99MO087701,Helios Lite Slim Laptop Backpack - Titanium Gray,Backpacks,,,,
99MO035242,Mythro Air Bluetooth Earbuds with Mic - Gunmetal Gray,Headphones and earphones,,,,
99MO023134,Integra™ Aux to Lightning Cable 4 ft (1.2 m) - Titanium Gray,Lightning,Accessories,,,
99MO124901,iGlaze Hardshell Case - Stealth Clear for MacBook Pro 16,Macbook Pro,MacBook,,,
99MO021916,ClearGuard Keyboard Protector - JP Layout for Magic Keyboard,Magic Keyboard,,,,
99MO134094,Arx Slim Hardshell Case - Mirage Black for iPhone 13 Pro Max,iPhone,,,,
99MO020034,iVisor AG Anti-glare Screen Protector - White (Clear/Matte) for iPad mini (5th Gen),iPad,,,,
99MO084004,Aux to USB-C Cable 4 ft (1.2 m) - Black,Accessories,USB-C,,,
99MO041104,Mini DisplayPort to DisplayPort Cable 5 ft (1.5 m) - White,Premium Video,,,,
99MO065013,Digits Touchscreen Gloves - Light Gray (M),Digits,Accessories,,,
99MO095009,SnapTo™ Crossbody Wallet - Jet Black,Crossbody bags,,,,
99MO012211,PalmGuard Protector - Silver for MacBook Pro Retina 13,Macbook Pro,,,,
99MO095733,Vegan Leather Badge/ID Holder - Oak Brown,Accessories,,,,
99MO119002,Water Bottle Holder for Carta Messenger Bag - Herringbone Black,Accessories,,,,
99MO084204,USB-C Multiport Adapter - Silver,Hubs,USB-C,,,
99MO072309,SenseCover Touch-sensitive Portfolio Case - Pink for iPhone XS/X,iPhone,,,,
99MO035326,Avanti LT Lightning On-ear Headphones - Burgundy Red,Headphones and earphones,,,,
99MO012208,PalmGuard Protector - Silver for MacBook Air 11-inch,Macbook Air,,,,
99MO078742,Urbana Laptop Briefcase - Sandstone Beige,Briefcases,,,,
99MO095753,Dual-Sided Badge Holder - Caramel Brown,Accessories,,,,
99MO034008,"Muse 13"" 3-in-1 Slim Laptop Sleeve - Jet Black ",Sleeves,,,,
99MO044912,AirFoil Pro - Black (Clear/Glossy) for iPhone 12/12 Pro,iPhone,,,,
99MO021918,ClearGuard Keyboard Protector - EU Layout for MacBook Pro 13/15 (with Touch Bar),Macbook,,,,
99MO035102,Dulcia Earbuds with Mic - White,Headphones and earphones,,,,
99MO132534,iGlaze Slim Hardshell Case - Slate Blue for iPhone 13 Pro Max,iPhone,,,,
99MO091309,Overture Case with Detachable Magnetic Wallet - Luna Pink for iPhone 12 Pro Max (SnapTo™),iPhone,,,,
99MO117531,Altra Slim Hardshell Case With Strap - Midnight Blue for iPhone 13 mini,iPhone,,,,
99MO094011,Camera Insert for Arcus Backpack - Graphite Gray,Backpacks,,,,
99MO088902,iGlaze Slim Hardshell Case - Clear for iPhone 8/7,iPhone,,,,
99MO022115,Rewind C USB-C Wall Charger - White,Wall Chargers,,,,
99MO132531,iGlaze Slim Hardshell Case - Slate Blue for iPhone 13 mini,iPhone,,,,
99MO021921,ClearGuard Keyboard Protector - US Layout for MacBook Air 13 (Thunderbolt 3/USB-C),Macbook Air,,,,
99MO064011,VersaCover Case with Folding Cover - Stone Gray for iPad mini (5th Gen),iPad,,,,
99MO077511,Venturo Slim Laptop Backpack - Steel Blue,Backpacks,,,,
99MO088513,Vesta Slim Hardshell Case - Bahama Blue for iPhone SE 2/8/7,iPhone,,,,
99MO117008,Altra Slim Hardshell Case With Strap - Midnight Blue for iPhone 12/12 Pro (SnapTo™),iPhone,,,,
99MO104304,Pluma Pouch - Macaron Pink,Sleeves,,,,
99MO113108,iGlaze Slim Hardshell Case - Pearl White for iPhone 12 Pro Max (SnapTo™),iPhone,,,,
99MO096020,IonGlass Screen Protector - Black (Clear/Glossy) for iPhone 11/XR,iPhone,,,,
99MO084103,USB-C to HDMI Cable 6.6 ft (2 m) - White,Premium Video,Accessories,USB-C,,
99MO110004,Tego Sling Messenger Bag - Charcoal Black,Messengers,,,,
99MO020010,iVisor AG Anti-glare Screen Protector - Black (Clear/Matte) for iPhone 7 Plus,iPhone,,,,
99MO023131,Integra™ Lightning to 3.5 mm Headphone Jack Adapter - Jet Silver,Accessories,Lightning,,,
99MO122001,SnapTo™ Magnetic Wall Mount - Stone Gray,SnapTo™,Accessories,,,
99MO095731,Vegan Leather Passport Holder - Oak Brown,Accessories,,,,
99MO020936,iVisor XT Clear Screen Protector - White (Clear/Glossy) for iPad mini,iPad,,,,
99MO095003,Vegan Leather Key Holder - Onyx Black,Accessories,,,,
99MO084272,USB-C to HDMI Adapter with Charging - Titanium Gray,Hubs,Premium Video,USB-C,,
99MO077521,Venturo Slim Laptop Backpack - Navy Blue,Backpacks,,,,
99MO099001,Costa Satchel Bag - Slate Black,Totes,,,,
99MO023124,Xync with Lightning Connector - White,Lightning,Data,,,
99MO087001,Helios Laptop Backpack - Charcoal Black,Backpacks,,,,
99MO111906,SuperSkin Thin Case - Crystal Clear for iPhone XR,iPhone,,,,
99MO091261,Overture Vegan Leather Wallet Case - Savanna Beige for iPhone XR,iPhone,,,,
99MO095004,Vegan Leather Badge/ID Holder - Onyx Black,Accessories,,,,
99MO125002,Aro Mini Slim Crossbody Bag - Midnight Black,Crossbody bags,,,,
99MO023047,3-in-1 Universal Charging Cable - Metro Black,USB-C,Data,,,
99MO023126,High Speed HDMI Cable 6.6 ft (2 m) - White,Premium Video,,,,
99MO110072,Tego Slingpack - Galaxy Black,Slingpacks,,,,
99MO056082,VersaCover Case with Folding Cover - Charcoal Black for iPad Pro 11‑inch (1st/2nd Gen),iPad,,,,
99MO095943,Adjustable Body Strap - Rainbow,Accessories,,,,
99MO035007,Avanti On-ear Headphones - Onyx Black,Headphones and earphones,,,,
99MO090303,Napa Vegan Leather Hardshell Case - Melrose Pink for iPhone 8 Plus/7 Plus,iPhone,,,,
99MO040908,iVisor Washable Screen Protector - Black (Clear/Matte) for Retina MacBook 12,Macbook,,,,
99MO022019,IonGo 5K Portable Battery with built-in Lightning and USB-A Cables - Azure Blue,Portable Batteries,,,,
99MO090307,iGlaze Slim Hardshell Case - Taupe Pink for iPhone 8 Plus (SnapTo™),iPhone,,,,
99MO123842,Pebbo for AirPods Pro - Mint Green,Accessories,Airpods,,,
99MO132521,iGlaze Slim Hardshell Case - Adriatic Blue for iPhone 13,iPhone,,,,
99MO118322,Treya Shoulder Strap - Burgundy Red,Accessories,,,,
99MO023043,Lightning to USB Cable with 90-degree connector 5 ft (1.5 m) - Black,Lightning,,,,
99MO056303,VersaCover Case with Folding Cover - Sakura Pink for iPad Pro/Air (10.5-inch),iPad,,,,
99MO104052,"Pluma 13"" Laptop Sleeve for MacBook - Herringbone Gray",Sleeves,,,,
99MO020036,iVisor AG Anti-glare Screen Protector - White (Clear/Matte) for iPad (10.2/10.5-inch),iPad,,,,
99MO119732,Water Bottle Holder for Carta Messenger Bag - Vintage Brown,Messengers,,,,
99MO056306,"VersaCover Case with Folding Cover - Sakura Pink for iPad (10.2-inch, 9th/8th/7th gen)",iPad,,,,
99MO022219,Otto Q Wireless Charging Pad - Nordic Gray EPP,Wireless Chargers,,,,
99MO109812,Verana Tote Work Bag - Amber Orange,Totes,,,,
99MO084105,Integra™ USB-C to Lightning Cable 4 ft (1.2 m) - Jet Silver,Lightning,USB-C,,,
99MO103908,Vitros Slim Clear Case - Crystal Clear for iPhone 11 Pro Max,iPhone,,,,
99MO117534,Altra Slim Hardshell Case With Strap - Midnight Blue for iPhone 13 Pro Max,iPhone,,,,
99MO125602,Aro Mini Slim Crossbody Bag - Forest Green,Crossbody bags,,,,
99MO022126,IonBank 10K Portable Battery - Sunset Bronze,Portable Batteries,,,,
99MO117306,Altra Slim Hardshell Case With Strap - Sahara Beige for iPhone 12 mini (SnapTo™),iPhone,,,,
99MO022201,Flekto Compact Folding Apple Watch Charger - Silver,Wireless Chargers,,,,
99MO126002,OmniGuard™ Mask with 3 Replaceable Nanohedron filters - Ocean Black (M),OmniGuard™ Face Mask,,,,
99MO084244,Integra™ USB-C Charge Cable 3.3 ft (1 m) - Jet Silver,USB-C,Data,,,
99MO084214,USB-C to Dual USB-A Adapter - Titanium Gray,USB-C,Hubs,Data,,
99MO104302,"Pluma 13"" Laptop Sleeve for MacBook - Carnation Pink",Sleeves,,,,
99MO035201,Clarus Dual-driver Earphones with Mic - Silver,Headphones and earphones,,,,
99MO094071,Arcus Multifunctional Backpack - Titanium Gray,Backpacks,,,,
99MO022273,Sette Q dual wireless charging pad 15 W EPP - Nordic Gray,Wireless Chargers,,,,
99MO087004,Helios Mini Backpack - Jet Black,Backpacks,,,,
99MO117307,Altra Slim Hardshell Case With Strap - Sahara Beige for iPhone 12/12 Pro (SnapTo™),iPhone,,,,
99MO035082,Avanti LT Lightning On-ear Headphones - Onyx Black,Headphones and earphones,,,,
99MO088304,Vesta Slim Hardshell Case - Blossom Pink for iPhone SE 2/8/7,iPhone,,,,
99MO083102,Magnet Mount for MetaCover Series - White,iPad,,,,
99MO091014,Overture Case with Detachable Magnetic Wallet - Jet Black for iPhone 12 mini (SnapTo™),iPhone,,,,
99MO023223,Integra™ USB-A to Lightning Charge/Sync Cable 4 ft (1.2 m) - Satin Gold,Data,Lightning,,,
99MO022024,IonGo 5K Duo Portable Battery with Built-in Lightning and USB-C Cables - Fossil Gray,Portable Batteries,,,,
99MO088512,Napa Vegan Leather Hardshell Case - Marine Blue for iPhone 8/7,iPhone,,,,
99MO118001,Treya Convertible Satchel/Backpack - Jet Black,Briefcases,,,,
99MO021915,ClearGuard Keyboard Protector - EU Layout for Magic Keyboard,Magic Keyboard,,,,
99MO114302,Capto Slim Case with MultiStrap - Raspberry Pink for iPhone XS Max,iPhone,,,,
99MO088008,Armour Hard Shell Case - Jet Black for iPhone 7,iPhone,,,,
99MO010004,"Codex 13"" Protective Carrying Case for MacBook - Metallic Black",Sleeves,,,,
99MO118811,Treya Clutch Crossbody - Vermillion Orange,Crossbody bags,,,,
99MO126102,Nanohedron™ filter pack (5 pcs) - S,Nanohedron™ filter pack,,,,
99MO088002,iGlaze Slim Hardshell Case - Metro Black for iPhone 8/7,iPhone,,,,
99MO085005,Umbra Privacy Screen Protector - Black (Clear/Glossy) for PixelBook,Pixelbook,,,,
99MO132921,iGlaze Slim Hardshell Case - Astral Silver for iPhone 13,iPhone,,,,
99MO044918,AirFoil Pro - Black (Clear/Glossy) for iPhone 13,iPhone,,,,
99MO084002,USB-C to USB-A Charge Cable 3.3 ft (1 m) - Black,USB-C,Data,,,
99MO123011,Apple Pencil Case - Stone Gray,Accessories,,,,
99MO113101,iGlaze Slim Hardshell Case - Pearl White for iPhone XR (SnapTo™),iPhone,,,,
99MO023321,Integra™ USB-A to Lightning Charge/Sync Cable 4 ft (1.2 m) - Crimson Red,Lightning,Data,,,
99MO090512,Napa Vegan Leather Hardshell Case - Marine Blue for iPhone 8 Plus/7 Plus,iPhone,,,,
99MO082051,Aerio Laptop Messenger Bag - Herringbone Gray,Messengers,,,,
99MO114303,Capto Slim Case with MultiStrap - Raspberry Pink for iPhone XS/X,iPhone,,,,
99MO111911,SuperSkin Thin Case - Crystal Clear for iPhone 11 Pro Max,iPhone,,,,
99MO095014,Dual-Sided Badge Holder - Jet Black,Accessories,,,,
99MO133011,Overture Case with Detachable Magnetic Wallet - Jet Black for iPhone 13 mini,iPhone,,,,
99MO021929,"ClearGuard Keyboard Protector - JP Layout for MacBook Air (Retina, 13-inch, 2020)",Macbook Air,,,,
99MO099741,Costa Satchel Bag - Sandstone Beige,Totes,,,,
99MO124902,"iGlaze Hardshell Case - Stealth Clear for MacBook Pro (13-inch, 2020)",MacBook,Macbook Pro,,,
99MO110001,Tego Urban Backpack - Charcoal Black,Backpacks,,,,
99MO083001,MetaCover Mountable Case - Metro Black for iPad Air 2,iPad,,,,
99MO022303,IonGo 5K Duo Portable Battery with Built-in Lightning and USB-C Cables - Pink,Portable Batteries,,,,
99MO126103,Nanohedron™ filter pack (5 pcs) - kid,Nanohedron™ filter pack,,,,
99MO035243,Vortex 2 Earbuds with Mic - Light Steel,Headphones and earphones,,,,
99MO065011,Digits Touchscreen Gloves - Light Gray (S),Digits,Accessories,,,
99MO124002,"iGlaze Hardshell Case - Stealth Black for MacBook Pro (13-inch, 2020)",MacBook,,,,
99MO070008,VersaKeyboard Bluetooth Keyboard Case - Metro Black for iPad Air 2,iPad,,,,
99MO112601,Hexa Backpack - Forest Green,Backpacks,,,,
99MO113107,iGlaze Slim Hardshell Case - Pearl White for iPhone 12/12 Pro (SnapTo™),iPhone,,,,
99MO095012,Key Ring - Slate Black,Accessories,,,,
99MO044913,AirFoil Pro - Black (Clear/Glossy) for iPhone 12 Pro Max,iPhone,,,,
99MO118751,Treya Lite Convertible Satchel/Backpack - Caramel Brown,Backpacks,Briefcases,Messengers,,
99MO023006,USB-A to Lightning Cable 3.3 ft (1 m) - Black,Lightning,,,,
99MO102303,StealthCover Portfolio Case - Champagne Pink for iPhone XS Max,iPhone,,,,
99MO090902,iGlaze Slim Hardshell Case - Clear for iPhone 7 Plus (matte),iPhone,,,,
99MO113301,iGlaze Slim Hardshell Case - Taupe Pink for iPhone XR (SnapTo™),iPhone,,,,
99MO095006,Vegan Leather Badge/ID Holder - Metro Black,Accessories,,,,
99MO022154,ProGeo Adapter Pack - White,Wall Chargers,,,,
99MO126301,OmniGuard™ Kids Mask with 3 replaceable Nanohedron™ filters - Blossom Pink,OmniGuard™ Face Mask,,,,
99MO117302,Altra Slim Hardshell Case With Strap - Blossom Pink for iPhone XS Max (SnapTo™),iPhone,,,,
99MO124001,iGlaze Hardshell Case - Stealth Black for MacBook Pro 16,Macbook Pro,MacBook,,,
99MO114004,Capto Slim Case with MultiStrap - Mulberry Black for iPhone 11,iPhone,,,,
99MO022012,IonBank 5K Portable Battery - Grey,Portable Batteries,,,,
99MO114002,Capto Slim Case with MultiStrap - Mulberry Black for iPhone XS Max,iPhone,,,,
99MO091016,Overture Case with Detachable Magnetic Wallet - Jet Black for iPhone 12 Pro Max (SnapTo™),iPhone,,,,
99MO034012,"Muse Slim Fit Sleeve for iPad - Falcon Gray for iPad Pro 12.9"" 4th generation",Sleeves,,,,
99MO122002,SnapTo™ Magnetic Car Mount with Wireless Charging - Black,Car Chargers,Wireless Chargers,,,
99MO088061,XT Slim Clear Case - Stealth Black for iPhone SE 2/8/7,iPhone,,,,
99MO072009,SenseCover Touch-sensitive Portfolio Case - Charcoal Black for iPhone 8 Plus/7 Plus,iPhone,,,,
99MO113103,iGlaze Slim Hardshell Case - Pearl White for iPhone 11 Pro (SnapTo™),iPhone,,,,
99MO087052,Helios Lite Slim Laptop Backpack - Herringbone Gray,Backpacks,,,,
99MO118102,Treya Shoulder Strap - Seashell White,Accessories,,,,
99MO095002,Lightweight Vegan Leather Slim Wallet - Onyx Black,Accessories,,,,
99MO056010,VersaCover Case with Folding Cover - Charcoal Black for iPad Pro 12.9-inch (3rd/4th Gen),iPad,,,,
99MO023005,3.5 mm Audio Jack Splitter - Black,Accessories,,,,
99MO056083,"VersaCover Case with Folding Cover - Charcoal Black for iPad Air (10.9-inch, 4th gen)/iPad Pro (11-inch)",iPad,,,,
99MO095302,SnapTo™ Magnetic Slim Wallet - Luna Pink,Accessories,,,,
99MO088301,iGlaze Slim Hardshell Case - Blush Pink for iPhone 8/7,iPhone,,,,
99MO095751,Vegan Leather Badge/ID Holder - Caramel Brown,Accessories,,,,
99MO084205,Symbus Compact USB-C Dock - US Version,USB-C,Docks,Data,Hubs,
99MO091307,Overture Case with Detachable Magnetic Wallet - Luna Pink for iPhone 12 mini (SnapTo™),iPhone,,,,
99MO021914,ClearGuard Keyboard Protector - US Layout for Magic Keyboard,Magic Keyboard,,,,
99MO086041,Talos Extreme Drop Protection Case - Stealth Black for iPhone XS/X,iPhone,,,,
99MO086007,Car Vent Mount for phones up to 6-inches - Black,iPhone,,,,
99MO117703,Altra Slim Hardshell Case With Strap - Sahara Beige for iPhone 13 Pro,iPhone,,,,
99MO090011,Vesta Slim Hardshell Case - Herringbone Gray for iPhone 8 Plus,iPhone,,,,
99MO126003,OmniGuard™ Mask with 3 Replaceable Nanohedron filters - Ocean Black (S),OmniGuard™ Face Mask,,,,
99MO072532,SenseCover Touch-sensitive Portfolio Case - Midnight Blue for iPhone XS Max,iPhone,,,,
99MO084245,Integra™ USB-C Charge Cable with Smart LED 6.6 ft (2 m) - Jet Silver,Data,USB-C,,,
99MO103906,Vitros Slim Clear Case - Crystal Clear for iPhone 11 Pro,iPhone,,,,
99MO103253,Vitros Slim Clear Case - Orchid Pink for iPhone 8 Plus/7 Plus,iPhone,,,,
99MO021926,ClearGuard Keyboard Protector - JP Layout for MacBook Pro 13/16 (Magic Keyboard),Macbook Pro,,,,
99MO117005,Altra Slim Hardshell Case With Strap - Shadow Black for iPhone 11 (SnapTo™),iPhone,,,,
99MO023008,USB-A to Micro USB Cable 3.3 ft (1 m) - Black,Data,,,,
99MO095001,Vegan Leather Passport Holder - Onyx Black,Accessories,,,,
99MO123162,Pebbo for AirPods Pro - Savanna Beige,Accessories,Airpods,,,
99MO022122,IonBank 3K Portable Battery - Burgundy Red,Portable Batteries,,,,
99MO117303,Altra Slim Hardshell Case With Strap - Sahara Beige for iPhone 11 Pro (SnapTo™),iPhone,,,,
99MO012205,PalmGuard Protector - Silver for MacBook Pro 13,Macbook Pro,,,,
99MO022116,ProGeo USB-C Wall Charger (42 W) - US Version,Wall Chargers,,,,
99MO101103,iGlaze Slim Hardshell Case - Pearl White for iPhone XS/X (SnapTo™),iPhone,,,,
99MO103321,Vitros Slim Clear Case - Crimson Red for iPhone XS/X,iPhone,,,,
99MO110263,Tego Slingpack - Stone Gray,Slingpacks,,,,
99MO111902,SuperSkin Thin Case - Crystal Clear for iPhone 8 Plus/7 Plus,iPhone,,,,
99MO022128,IonBank 3K Portable Battery - Onyx Black,Portable Batteries,,,,
99MO084101,USB-C to USB-A Charge Cable 3.3 ft (1 m) - White,USB-C,Data,,,
99MO083101,Wall Mount for MetaCover Series - White for iPad,iPad,,,,
99MO089101,Kameleon Kickstand Case - Ivory White for iPhone 8/7,iPhone,,,,
99MO035311,Dulcia Earbuds with Mic - Pink,Headphones and earphones,,,,
99MO095735,Wristlet Clutch - Vintage Brown,Accessories,,,,
99MO078001,Urbana Mini Bag - Metro Black,Totes,,,,
99MO117111,Altra Slim Hardshell Case With Strap - Savanna Beige for iPhone XR (SnapTo™),iPhone,,,,
99MO022110,Rewind 2 USB Wall Charger - TW,Wall Chargers,,,,
99MO118752,Treya Briefcase - Caramel Brown,Briefcases,,,,
99MO034007,"Muse 13"" Slim Fit Sleeve - Graphite Black",Sleeves,,,,
99MO082731,Aerio Lite Laptop Messenger Bag - Cocoa Brown,Messengers,,,,
99MO071301,iGlaze Hardshell Case - Champagne Pink for MacBook Pro 13R,Macbook Pro,MacBook,,,
99MO035223,Mythro C USB Type-C Earbuds with Mic - Jet Silver,Headphones and earphones,,,,
99MO125001,Aro Slim Crossbody Bag - Midnight Black,Crossbody bags,,,,
99MO078031,Urbana Laptop Briefcase - Mineral Gray,Briefcases,,,,
99MO101032,Kameleon Kickstand Case - Ivory White for iPhone XS/X,iPhone,,,,
99MO118011,Treya Clutch Crossbody - Falcon Gray,Crossbody bags,,,,
99MO119731,Carta Compact Messenger Bag - Vintage Brown,Messengers,,,,
99MO064304,VersaCover Case with Folding Cover - Sakura Pink for iPad mini (5th Gen),iPad,,,,
99MO056263,"VersaCover Case with Folding Cover - Savanna Beige for iPad Air (10.9-inch, 4th gen)/iPad Pro (11-inch)",iPad,,,,
99MO095754,AirTag Key Ring - Caramel Brown,Accessories,,,,
99MO116012,Vesta Slim Hardshell Case - Pebble Gray for iPhone XS Max (SnapTo™),iPhone,,,,
99MO131001,Vespo - Eclipse Black,Backpacks,Briefcases,Slingpacks,,
99MO113632,iGlaze Slim Hardshell Case - Powder Blue for iPhone XS Max (SnapTo™),iPhone,,,,
99MO022006,Car Charger Duo with Lightning Cable 6 ft (1.8 m) - Black,Car Chargers,,,,
99MO101005,iGlaze Slim Hardshell Case - Armour Black for iPhone XS/X (SnapTo™),iPhone,,,,
99MO090251,Armour Metallic Case - Golden Rose for iPhone 7 Plus,iPhone,,,,
99MO084212,Integra™ USB-C Charge Cable 6.6 ft (2 m) - Titanium Gray,Data,USB-C,,,
99MO071907,iGlaze Hardshell Case - Stealth Clear for MacBook Pro 13 (Thunderbolt 3/USB-C),MacBook,Macbook Pro,,,
99MO103901,Vitros Slim Clear Case - Crystal Clear for iPhone XS/X,iPhone,,,,
99MO021903,ClearGuard Keyboard Protector - EU Layout for MacBooks (2012-2015),Macbook,,,,
99MO087002,Helios Lite Slim Laptop Backpack - Slate Black,Backpacks,,,,
99MO056081,"VersaCover Case with Folding Cover - Metro Black for iPad (10.2-inch, 9th/8th/7th gen)",iPad,,,,
99MO095303,Altra Body Strap - Rose Pink,Accessories,,,,
99MO044910,AirFoil Pro - Black (Clear) for iPhone SE 2,iPhone,,,,
99MO088306,iGlaze Slim Hardshell Case - Taupe Pink for iPhone SE 2/8/ (SnapTo™),iPhone,,,,
99MO102021,StealthCover Portfolio Case - Gunmetal Gray for iPhone XS/X,iPhone,,,,
99MO090004,Armour Metallic Case - Onyx Black for iPhone 7 Plus,iPhone,,,,
99MO022114,ProGeo 4-Port USB Travel Charger (35 W) - US-version,Wall Chargers,,,,
99MO122003,SnapTo™ Magnetic Car Mount - Gray,iPhone,,,,
99MO022129,Wall Charging Kit with 2 USB-A Ports - TW Version,Wall Chargers,,,,
99MO022111,Rewind 2 USB Wall Charger - US,Wall Chargers,,,,
99MO103203,Vitros Slim Clear Case - Jet Silver for iPhone XS Max,iPhone,,,,
99MO033002,TeraGlove Cleaning Kit - Black / Gray,TeraGlove,Accessories,,,
99MO101751,Overture Vegan Leather Wallet Case - Caramel Brown for iPhone XS/X,iPhone,,,,
99MO125751,Aro Mini Slim Crossbody Bag - Caramel Brown,Crossbody bags,,,,
99MO132902,iGlaze XT Clear Case - Clear for iPhone 13,iPhone,,,,
99MO132954,Arx Clear Slim Hardshell Case - Clear for iPhone 13 Pro Max,iPhone,,,,
99MO117311,Altra Slim Hardshell Case With Strap - Rose Pink for iPhone 13 ,iPhone,,,,
99MO118321,Treya Clutch Crossbody - Burgundy Red,Crossbody bags,,,,
99MO091302,Overture Vegan Leather Wallet Case - Daisy Pink for iPhone 8 Plus/7 Plus,iPhone,,,,
99MO102301,StealthCover Portfolio Case - Champagne Pink for iPhone XS/X,iPhone,,,,
99MO086005,Handlebar Mount for Endura - Black,iPhone,,,,
99MO023046,USB-A to Lightning Cable 10 ft (3 m) - Black,Lightning,,,,
99MO132523,iGlaze Slim Hardshell Case - Adriatic Blue for iPhone 13 Pro Max,iPhone,,,,
99MO123161,Pebbo for AirPods - Savanna Beige,Accessories,Airpods,,,
99MO056005,VersaCover Case with Folding Cover - Metro Black for iPad Pro 12.9-inch (2nd Gen),iPad,,,,
99MO040910,iVisor Washable Screen Protector - Black (Clear/Matte) for MacBook Pro 15 (Thunderbolt 3/USB-C),Macbook,,,,
99MO095531,Altra Body Strap - Midnight Blue,Accessories,,,,
99MO095601,Adjustable Body Strap - Camo Green,Accessories,,,,
99MO066041,Concerti Portfolio Case - Metro Black for iPad mini 2/3,iPhone,,,,
99MO022146,ProGeo USB-C Laptop Charger (65 W) - US Version,Wall Chargers,,,,
99MO076021,AirFoil Glass Screen Protector - Clear for iPhone 11 Pro Max/XS Max,iPhone,,,,
99MO117702,Altra Slim Hardshell Case With Strap - Sahara Beige for iPhone 13 ,iPhone,,,,
99MO118732,Treya Shoulder Strap - Oak Brown,Accessories,,,,
99MO076020,AirFoil Glass Screen Protector - Clear for iPhone 11/XR,iPhone,,,,
99MO111932,SuperSkin Thin Case - Matte Clear for iPhone 11,iPhone,,,,